German,English
abdanken,to abdicate
Aberkennung,revocation
Abgang,departure
abgedreht,quirky
abgelegene,remote
abgerissen,demolished
abgesehen davon,apart from that
abgezogen,deduction
Abkehr,departure
ablenken,to distract
Ablenkungskampf,a fight or struggle that serves as a diversion/distraction
Abmachungen,Agreement
Abneigung,dislike
abrechnen,to settle account
Abrüstung,disarmament
abschaffen,to abolish
Abschiebung,deportation
Abschluss,degree
Abschreibung,depreciation
abschüssigen,sloping
Abschwung,downturn
absehbar,forseeable
absetzbar,deductible
absichtlich,intentionally
Abstammungsrecht,inheritance law
Absturz,Crash
Abtreibung,abortion
abtreten,to resign
abwegig,absurd
Abwehr,defense
abweichen,to deviate
Abweichung,deviation
abwenden,to avoid
abwertende,insulting
Abwertung,devaluation
Abzuge,deduction
Achselzucken,shrug
adler,eagle
agieren,to operate or act
ahnein,resembe
Akteneinsicht,access to file
Aktiengesellschaft,stock company
Aktienkurse,stock price
Aktionär,shareholder
Aktiva,assets
Albernheit,silliness
Allein von der Wahrnehmung,Just from perception
Alleingänge,Solo efforts
Alleinstehende,single people
Alles läuft/ist Bombe,Everything is great
allmähliche,gradual
altehrwürdigen,venerable
Altersvorsorge,retirement provisions
Ältestenrat,council of elders
am Rande mitbekommen,heard in passing
amtierende,incumbent
an denen,at which
andersdenkende,dissidents
Andeutung,hint
anfällig,susceptible
anfechtbar,contestable
Anfeindung,hostility
Anforderung,requirement
anführungsstriche,quote unquote
angebaut,cultivated
angeblich,allegedly/supposedly
Angebot,offer
angehenden,prospective/aspiring
angeheuert,hired
angeklungen,resonated
angemessene,appropriate
angeprangert,denounced
angerechnet,credited
angestrebt,aimed at eg - Sie hat eine Führungsposition angestrebt
angestrebte,desired
angleichend,adjusting
Angriffspunkte,attack points
anhaltende,persistent
Anhänger,follower
anhängig,pending
animieren,to encourage
Anläufe,start
Anlaufstellen,contact point
anlegen,invest
Anleihenmarkt,bond market
annäherung,convergence
annektierte,annexed
Anordnung,Arrangement
Anpfiff,kick-off
Anreizwirkung,incentive effect
Ansätze,approaches
ansatzweise,rudimentary
Anschaffungskosten,acquisition costs
Anschaffungspreis,purchase price
anschauliche,vivid
anschuldigungen,accusation
ansehnliches (Geld),handsome (money)
Anspannung,tension
ansprechen,to address
Ansprechpartnerinnen,contact persons
anspruchsvoll,demanding/ambitious
ansteckend,contagious
anstehenden,upcoming
Antike,antique
Anwalt,Lawyer
anzünden,to ignite
Appell,appeal
Arbeitsausbeutung,labor exploitation
Arbeitsengtgelt,wages
arbeitsplätze streichen,cut jobs
argloser,unsuspecting
entstehen,to arise
Armutszeugnis,badge of shame
atomare abschreckung,nuclear deterrence
Attentat,assassination
Attest,certificate
auf dem Schoß sitzen,sit on the lap
auf den Kopf zu stellen,to turn upside down
auf die Schliche kommt,gets to the bottom of it
auf eigene Faust,on one's own
auf Eis gelegt,put on hold
auf großem Fuß leben,live extravagantly
aufdringlich,intrusive
auffällig,eye catching
Auffanglager,reception camp for refugees
Auffassungen,opinion
aufgeschlossen,open minded
aufheben,cancel
Aufhebung,termination
Aufklärungsdrohnen,spy drone
Aufmunterung,encouragement
aufrechterhalten,maintain
aufrufen,call
Aufrüstung,rearmament
Aufschlag,serve (as in tennis)
aufschläge,surcharge
aufsehenerregenden,sensational
Aufspüren,track
Auftakt,opening
auftreten,appear
Auftritt,appearance
Aufwand,expense
Aufwandsentschädigung,compensation for expenses or effort
aufweichen,soften
Aufweichung,softening
aufwendige,elaborate
Aufwind,Upwind
aufzeichnen,to record
aufpolieren,to polish
Augenbrauen,eyebrows
augenfällig,obvious
augenhöhe,eye level
Aus meinem Alltag herausgerissen,torn out of my daily routine
ausarten,to get out of control
ausbeuten,to exploit
ausbleibende,missing
ausbrennen,to burn out
ausbügeln,to iron out (a mistake)
Ausdauer,endurance
Auseinandersetzung,discussion
Ausfallrisiken,default risk
ausführlich,detailed
ausgedient,obsolete
ausgegrenzt,excluded
ausgelagert,outsourced
Ausgelastet,occupied
ausgelotet,explored
ausgerottet,exterminated
ausgeschöpft,exhausted (resources/possibilities)
ausgesetzt,suspended
ausgewogen,balanced
ausgrabungen,excavation
Aushilfstätigkeit,temporary job
Auslegung,interpretation
Auslöser,trigger
ausloten,explore
ausreden,excuses
ausrichten,to arrange
aussagen,testify/give evidence
Ausschnitt,cut-out/section
Ausschreibung,Tender (for project)
äußerst,extremely
äußerte,express
Äußerung,statement
ausstrahlung,charisma
auswärtige,foreign
ausweichen,to evade
Ausweitung,expansion
auswendig,learn by heart
auswerten,evaluate
autism,autismus
Azubis,trainees
Bagatellgrenze,de minimis limit
Ballungsräumen,metropolitan
Bauchgefühl,gut feeling
Baukasten,modular system
Baulastträger,building authority
baulich,structural
beachtliche,considerable
bearbeitungsgebühr,processing fee
beauftragen,give an order
Beauftragte,officer
Bedenken,concern
bedenklich,concerning
bedeutsam,significant
Bedrohungen,threats
beeinträchtigt,impaired
Beeinträchtigung,impairment
Beerdigung,burial
befähigen,to enable
befangen,biased
befassen,to deal with
befriedigend,satisfactory
Befugnisse,power of authority
befürchten,to be feared
Befürworter,supporter
Begabungen,talents
Begegnung,encounter
begleiten,accompany
begnadigt,pardon
Begrabnis,funeral
beharren,to insist
Beharrlichkeit,persistence
beherrschen,to master
beherzten,courageous
behoben werden,be fixed
bei verfechtern,with advocates
Beifall spenden,applaud
beigeschmack,"aftertaste, undertone"
beiläufig,casual
beim Bund,at the federal level
Beitritt,accession
bekräftigen,to affirm
Belange,concern
Belastbarkeit,resilience
Belastung,burden
beleben,to revitalize
Beleg,Receipt
belegschaft,workforce
beleuchtet,illuminated
beliebigen,any/arbitrary
beliebigkeit,arbitrariness
beliebtheit,popularity
Belohnung,reward
Belüftung,ventilation
bemängeln,to criticize (something)
bemühen wird,will try
Benennung,naming
berechnungsgrundlage,calculation basis
berechtigt,entitled
Bereicherung,enrichment
berichteten,reported
berichtigen,correct
berücksichtigt,taken into account
berufsbezogene,job related
berufssteckbriefe,career profile
beruften,to appoint
Berufung,vocation
Beschaffungsmethode,procurement method
Beschäftigung,employment
bescheiden,modest
Bescheidenheit,modesty
bescheinigten,confirm
bescheren,bestow
bescheuert,crazy/stupid
beschleunigen,to accelerate
Beschwerden,complaints
beschwerlich,burdensome
beschworene,solemnly vow
besorgniserregend,worrying
besser benehmen,behave better
Bestandsaufnahme,stock
Bestätigung,Confirmation
Bestechung,bribery
bestehend,existing
besticht,impresses, captivates,
bestimmung,determination
Beteiligung,participation
Beten,pray
beteuern,to assert
betrachten,to consider
Betrag,amount
betragen,to amount to
betreffen,to affect
Bettdecke,duvet
beugen,to bend
beurteilt,assessed
Beute,prey
Bevormundung,paternalism
bevorstehende,upcoming
bevorzugt,preferred
bewachtes,guarded
bewährte,proven
Bewährung frei,parole free
bewältigenden,coping
Beweggründe,motives
beweglichkeit,agility
Bewerbung,Application
Bewundere,Admire
bewusstsein,consciousness
bewusstseinswandel,change in consciousness
bezahlbares,affordable
Bezug,Return
bezüglich,with reference to
Bezugsperson,reference person or trusted person
bilderreich,rich in images
Binnenschiffen,inland waterway vessels
Bisher,So far
blechdach,sheet metal roof
bleibende,permanent
Blessuren,injuries
Blickwinkel,perspective
Bodenschätze,mineral resource
bodenstandlich,down to earth
Bogenschiessen,arrow shooting
Bohnen,beans
Bohrplattform,drilling platform
Bonität,credit worthiness
Borreliose,Lyme disease
Böswillige,malicious
brain,gehirns
Bräsigkeit,arrogance
brathähnchen,roast chicken
brauchbare,useful
Brautkleid,wedding dress
Brennpunkt,focal point
Brennstoffe,fuels
Brotzeit,snack
Bruch,fracture
Buchhalter,accountant
Buchungssatz,journal entry
Bundesmittel,federal fund
Bundeswehr,German Armed Forces
Bürgschaft,guarantee
Bwl betriebwirtschaftlehrer,business adm
causes,ursachen
Chirurg,surgeon
clear,deutig
contact,berührung
crime,verbrechen
Currency guardian,Währungshütern
Dachfirma,umbrella company
daher,therefore
Dampfablassens,letting off the steam
darauf gedrängt,urged
darauffolgenden,subsequent
darlehen,loan
das Benachteiligen,disadvantage
das Betätigungsverbot,prohibition of activity
das Erfassungssystem,recording system
Das Geraune,whispering
Das Tor,The gate
das Völkerrecht,international law
das Werk,Factory
Das Zepter,scepter
Datenauswertung,data analysis
Dauerauftrag,standing order
Dauerbrenner,perennial favorite
declarations,angaben
dekadent,"self-indulgent, morally or culturally declining"
dementsprechend,accordingly
Dementsprechend,accordingly
demontage,dismantling
den rücken kehren,turn one's back
denkverbote,prohibition on thinking
der Arbeitsrechtler,labor lawyer
der Aufstand,uprising
der Beitrittskandidat,candidate country for Schengen visa
der Bildband,illustrated book
Der Brunnen,the fountain
der daraus sprießt,That sprouts from it
der Ehrenhof,courtyard
der Etat,budget
der Kohlenstoffmarkt,carbon market
der Leistungsdruck,pressure to perform
der Probelauf,test run
der sonne knallt,the sun is blazing
der Sprengsatz,explosive device
der Tiefbahnhof,underground train station
der Übergriff,assault
der Vergeltungszoll,retaliatory tariff
derweil,meanwhile
derweil,meanwhile
derzeit,currently
development,entwicklung
dichtgemacht,closed off
die Abhilfe,remedy
die Abwechslung,variety
die Auflockerungen,loosening
die Augen nicht verschließen,not turn a blind eye
die Bagatellgrenze,minimum limit
die Bemessungsmethode,design method
die Berichterstattung,reporting
die Beweisvernichtung,destruction of evidence
die Buchvorlage,book template
die Einberufungsbefehle,conscription orders
die Entzerrung,equalization
die Erdbebenwarte,earthquake observatory
die Genossenschaft,cooperative
die Gleitbomben,glide bombs
die Gleitschirmfliegerin,paraglider
die Grunderwerbsteuer,real estate transfer tax
die Heranwachsende,adolescent
die Insolvenzverschleppung,delaying insolvency
die Kehrtwende,u turn
die Kreuzfahrt,cruise
die Lebensstationen,stage of life
die Liegestützen,push up
Die Luft bei mir raus,run out of energy
die Notenbank,central bank
die Realität gestalten,shape the reality
die Rechenschaft,accountability
die Sau rauslassen,let loose
die Schattenseite,dark side
die Schiene,the rail
die Schnittstellen,the interfaces
die Schrammen,scratches
die Schwellenländer,emerging markets
die segel streichen,abandon something
die Sprösslinge,offspring
die Stellungnahme,opinion
die Stichworte,keywords
die Stimmung ist im Keller,very bad mood
die Tiefstwerte,lowest value
die Turnschuhe,sneaker
die Unterbindung,prevention
die Urkunde,Certificate
die Verhaltensauffälligkeiten,behavioral problem
die Vertriebsaktionen,sales campaign
die Vulkangürtel,seismic belt
die Wutausbrüche,burst of anger
Die Zahlen geben das nicht her,the numbers don't support that
die Zerstreuung,distraction
die Zielgruppe des Ladens,target customer of the shop
die Zuneigung,affection
die Zurückhaltung,restraint
die Zweckgemeinschaft,community of purpose
diejenigen,those
diffamierend,defamatory
Digitale Dienstleistung,Digital service
dishwasher,geschirrspüler
Domplatz,cathedral square
dotieren,endow
drahtzieher,mastermind
drängende,urgent
dreckig,dirty
drehbuchautor,screenwriter
drehort,filming location
dringlichkeitssitzung,emergency meeting
drittstaaten,third countries
Drohkulisse,Threatening backdrop
Druck aufbauen,Build up pressure
Druckmittel,Printing medium
dschungel,jungle
duldung,toleration
Düngemittel,fertilizer
Dunkelflaute,The period when a wind turbine or solar panel doesn't produce electricity
Dunkelziffer,dark figure
durch die Gegend reisen,travel around
Durchbruch,Breakthrough
durchdreht,goes crazy
durchkreuzen,frustrate
Durchlässigkeit,permeability
durchlässigkeit,permeability
durchlitten,suffered
durchlitten,suffered
durchsetzt,enforce
durchsickern,leakage
Dürre,drought
Dutzen,dozen
Ebnen,pave
eckpunkt,key point
effort,bemühungen
Ehrenamt,volunteer
Ehrgeiz,ambition
ehrgeizig,ambitious
ehrgeizig,ambitious
eidechse,lizard
eidesstattliche versicherung,oath
eigenartig,strange
Eigenmächtige,unauthorized
eigentum,property/ownership
Eigenverbrauch,self-consumption
Eignungtests,aptitude tests
Ein Ass im Ärmel haben,to have a hidden advantage
Einbettung,embedding
Einbeziehung,Inclusion
einbinden,integrate
Einbußen, shrink
eindeutige,unambiguous
eine Karriere einschlagen,to embark on a career
eine Zahl hinter dem Komma,one decimal point
eingebracht,introduced
Eingebung,Inspiration
Eingeklemmt,trapped
eingeleitet,initiated
eingestuften,Classified
Einhaltung,compliance
einheimischen,local
einhelligen,unanimous
Einkaufsbummel,shopping trip
Einkommen,Income
Einkünfte,income
Einleihen,Give In
einlenken,give in
einleuchten,clear
Einmalige,unique
Einmischung,interference
Einnahmeausfälle,loss of income
einordnen,categorize
einordnen,classify
einräumen,admit
einrichtung,furnishing
Einsatz,mission
einsatzfähig,operational
einschneidende,drastic
Einschnitte,incisions
einschüchterungen,intimidation
einseitig,one sided
Einsicht,insight
einst,once
Einstiegsfrage,introductory question
einstig,formerly
eintopf,pot
eintopfen,pot
Eintreffen,arrival
einwandfrei,flawless
einweihen,inaugurate
Einweihung,inauguration
Einweihung,inauguration
einzelfall,isolated case
Einzelfallgerechtigkeit,case by case justice
Einzelheiten,details
einzigartig,unique
einzuschleusen,infiltrate
einzuschleussen,infiltrate
Eisenbahn,locomotive
eisenschale,iron bowl
eklatantes,blatant
eklatantes,glaring
emissionsminderung,emission reduction
empfänglich,susceptible
emphasized,betonte
empört,outraged
Endlager,final disposal
Energiewende,energy transition
Engen,Narrow
enjoy the power of youth,genieße die kraft und sudheit deine jungen
entartet,degenerate
entbehrungsreichen,deprived
Ente,duck
entflechten,demerge
entführen,kidnap
entgegen fachlichem,counter professional
entgleist,derailed
Enthaltungen,abstentions
entlastung,relief
entlehntes,borrowed
entlohnen,to reward or remunerate
entrüstet,outraged
Entschädigung,compensation
entscheidenden Zeitpunkt,crucial moment
entsprechende,corresponding
entwendet,stolen
entziffern,decode
entziffern,dechiper
entzogen,withdrawn
entzogen,withdraw
entzündete,ignite
Erachtens,in my opinion
erbeuteten,captured
erblich,hereditary
erblich,hereditary
erbrechen,vomit
erbschaftsteuer,inheritance tax
erdgas,natural gas
Erdkreis,globe
Erdnussbutter,peanut butter
erdrutsche,landslide
erfassung,capture
erfindung,invention
Erforschung,exploration
erfreuen sich,enjoy
ergänzung,addition
Ergebnis,result
ergreifen,take action
erhältlich,available
erhaltung,conversation
erhaltung,conservation
Erheblich,Significantly
erhellenden,illuminating
Erkenntnisgewinn,Knowledge gain
Erkenntnisse,findings
erkunde,explore
Erlaubnis,Permission
erlaütern,explain
erlegen,killing
erlegen,kill
Ermessen,appreciate
ermitteln,determine
Ermittlungen,"investigation
""Die Ermittlungen führten zur Festnahme des Verdächtigen.""
The investigation led to the arrest of the suspect."
ermudend,tiring
ermutige,encourage
Ernennung,appointment
erneut,anew
ernst nehmen,take seriously
ernstfall,emergency
ernsthafte,serious
ernüchternd,sobering
ernüchternden,sobering
ernüchterung,disillusion
erobert,conquered
erobert,conquers
Erpressungen,blackmail
erschüttert,shock
erschweren,complicate
erschwinglich,affordable
Ersparnisse,saving
Erstattung,refund or reimbursement
erstaunliche,amazing
Ertragen,Endure/yield
ertragen,endure
erträglich,bearable
ertragreiche,profitable
ertrinken,drown
erwähnten,mention
erwartungsgemäß,as expected
Erwerbsminderung,incapacity for work / reduction in earning capacity
erwerbstätig,employed
erzeugen,"generate
""Die Solaranlage erzeugt Strom.""
The solar panel generates electricity."
Es fällt ihr leicht,it's easy for her
Es fällt ihr schwer,it's difficult for her
Essenausgabe,Food distribution
essendunst,food steam
Estland,Estonia
etwas verschütten,spill
Fachbegriff,technical term
fachmeinung,expert opinion
Fachrichtung,specialization (field of study or medical field)
Fähigkeit,Ability
Fahne,flag
fahren Schlitten,ride a sleigh
Fahrradkolonne,bicycle colony
Fahrt aufgenommen,journey started
falsch verbunden,Wrong number
falsche Anreize,false incentive
fälschungen,forgeries
faltenlose,wrinkle free
Fehlbildungen,malformations
Fehlinformationen,misinformation
feindselig,hostile
feindselige,hostile
Felsbilder,rock painting
Fernbedienung,Remote control
fernost,Far East
Fernverkehr,long-distance traffic
fertigstellung,completion
feststellen,notice
fettlöslich,fat-soluble
feuchtigkeit,moisture
Finanzierung,financing
finanzspritze,financial injection
Firmenflotten,company fleets
flächendeckenden,comprehensive
flächendeckenden,comprehensive
flanieren,stroll
flapsig,flippant or careless
Fledermaus,bat
fleischlastige,meat-heavy
Fließgeld,cash flow
Flitterwoche,honeymoon
Flugblätter,leaflet
flüstern,whisper
Föderalismus,federalism
folgendermassen,as follows
folgendermaßen,as follows
folgenreiche,momentous
fördergelder,funding
forschende,researcher
Forschung,Research
fortbewegungsmittel,means of transport
fragwürdig,questionable
Frauenrat,women's council
freezer,gefrierfach
freiberuflich,freelance
freiluftmuseum,open air museum
freiwerdende richterposten,vacant judicial position
Friedensschluss,peace agreement
Friedensvertrag,Peace Treaty
fristgerecht,on time
fristlos kündigen,terminate without notice
Frontverlauf,frontline
fulminanter,brilliant
fundiert,well-founded
fundiert,well founded
fünfköpfige,five members
funktionierendes,functioning
funktionstüchtig,functioning
Fuß fassen,gain a foothold
Galopp,to learn in a rush / very quickly
Gebietsabtretungen,territory cessions
gebrauchsgegenstand,everyday object
Gebrauchstauglichkeit,usability
Gebrechlichkeit,frailty
geburtenstarke Jahrgänge,baby boomers
Gedampft,"1. Steamed (food), 2. Muted (voice)"
Gedankengang,train of thought
gefährden,endanger
gefangenen,prisoners
Gefieder,feather
Gefragter,more sought after
gefühlsmäßig,emotionally
Gegebenheiten,circumstances
gegenseitigkeit,reciprocity
Gegensteuern,Counteract
Gehbehinderung,disability (related to walking)
Geheimhaltung,secrecy
geheimnis lüften,reveal the secret
Gehen Sie schon voraus,Go ahead
gehoben,sophisticated
Gehwege,sidewalks
Geiseln,captive
geisteswissenschaftliches,humanities
geistige Kapazitat,mental capacity
geistlicher,clergyman
geklaut,stolen
geländewagen,off road vehicle
geläufigen,common
Geld in Stadtkasse spuren,pay into city budget
gelebte bündnistreue,lived loyally to the alliance
gelegen,located
gelind,mild
gelingen,success
geltende rechliegenden,applicable legal provisions 
gelungen,succeeded
gemäßigte,moderate
Gemeindegebet,congregational prayer
Gemeinden,municipalities
gemeindevorsteherin,community leader
gemeinnützigen,non-profit
gemeinnützigen stiftung,NPO
gemeinsame Richtung,common direction
Gemengelage,mixed situation
Gemengelage,mixed situation
gendergerechte,gender-appropriate
Genehmigung,Authorization
genmais,genetically modified corn
gepflastert,paved
Gepöbel,Mob
Geprüft,examined
geprugelt,beaten
geraume Zeit,a certain amount of time
Gerechtigkeit,justice
Gerichtsverfahren,court proceeding
gerissen,torn
Gerüchte,rumors
geschehe,happen
gescheiterten,failed
Geschick,skill
geschuftet,worked hard
Geschwulst,tumor
gesetzentwurf,draft law
gesetzgeber,legislator
gesetzlich,legally
Gesichtspunkten,aspects
Gesinnungsgenossen,like minded people
gespaltene,split
gesperrt,blocked (bank account)
gesperrt,blocked (bank account)
Gesprächsrunde,discussion round
gestöbert,browsed
gestreckt,stretched
Gestrüpp,bushes
gesunden Menschenverstand,common sense
Gesundheitswesen,healthcare
getauft,baptized
getreide,grain
gewährleisten,ensure
gewährleistet,ensure
Gewahrsam,custody
gewaltig,tremendous
gewaltig,enormous
gewaltsamen,violent
Gewebeneubildung,tissue regeneration
gewerbesteuer,trade tax
Gewinnspiel,Competition
gewiss,certainly
gewissenhaftsten,most conscientious
gewütet,raged
gezielt,targeted/specific
gezüchtet,bred
Gipfels,summit
Glasfaserleitungen,fiber optic cables
Gläubige,believers
gläubigern,creditor
glaubwürdig,credible
gleichermassen,equally
gleichgültigkeit,indifference
gleichlautende,identical
gleichstellung,equality
Gleichstellung,equal opportunities
gleichwertige,equivalent
gleichwohl,nevertheless
Gliederung,outline
gnadelos,merciless
gonen,treat
Gottesdienst,worship
Gräben,gap
gratwanderung,walking a tight rope
gratwanderung,walking a tight rope
gräueltaten,atrocities
grausam,awful
Gravierende,serious
greifbar,tangible
Gremium,committee
Grenzabgaben,border tax
grenzgebiete,border areas
großflächig,large-scale
großzügig,generous
grundansatz,basic approach
grundfesten,foundation
gruselig,creepy
Gutachten,appraisal
Guten Rutsch!,Happy New Year!
guten Taten,Good actions
gutschein,coupon
haftanstalt,prison
Haftbefehl,arrest warrant
häftlinge,prisoners
Haftstrafe,prison sentence
Haftung,liability
Halbleitertechnik,semiconductor technology
halbwertszeit,half life
Hals über Kopf,impulsive action
halte es für vertretbar,consider it reasonable
halte es für vertretbar,consider it reasonable
haltelinien,stop line
Haltung,attitude
handelsabkommen,trade agreement
Handelsbeziehung,Trade relation
handlungsarm,little action
handlungsfähigkeit,ability to act
hang geblieben,stuck
hart angingen,attacked hard
hart in Nehmen,tough
harte Bedingungen knüpfen,give hard conditions
Hau ab!,Get out!
Haupt Akteure,main actors
Hauptaugenmerk,Main focus
Hauptausrichtung,orientation
Hauptstadt,capital city
hauptverkehrsader,main traffic artery
Haushaltsausschuss,budget committee
haushaltsdefizit,budget deficit
Haushaltsführung,budget management
Haushaltsmittel,budget funds
Haushaltsplan,budget plan
Haut,skin
Hautnah,up close
Hebamme,midwife
hebel,lever
heikle,delicate
heiliges,saint
heiss gelaufen,overheated
Heißhungerattacke,food craving, binge,
Held,Hero
Hemmung,inhibition
Herausforderung,Challenge
herausragende,outstanding
Hergang,course of events
Herrschaft,domination
herrscht,prevails
herumgerede,gossip
hervorragend,"Outstanding
ein hervorragender Redner = An excellent speaker"
Herz-Kreislauf-Erkrankungen,cardiovascular diseases
Herzstück,centerpiece
Heutzutage,Nowadays
hide,verstecken
hierzulande,in this country
hiesigen,local
Hilfssheriff,deputy sheriff
Hindernisse,Obstacles
Hindeute,Hint/Indicate
hineinfuchsen,work on something
hineinschuppern,take a look
Hingegen,however
hinkriegen,manage
hinnehmbar,acceptable
Hinrichtungen,execution
hinter den kulissen,behind the scenes
hinterfragen,challenge/question
hintergehen,to betray
Hinterhof,backyard
Hintersicht,consideration
hinterzogenen,evaded
hinubergeklettert,climbed over
hinzufügen,add
Hinzugekommen,join
Hinzukommen,in addition
Hinzukommen,in addition
historisch belastet,historically burdened
hobbyratgebern,hobby guides
Hoch leben,long live
hochbetagt,very old
hochrangigen,high ranking
hochrechnungen,projections
Hochspannung,high voltage
hochtrabend,pompous
höhepunkt,climax
horrende,horrendous
hubschrauber,helicopter
hüpfen,to hop
hypersensitive,überempfindlich
ice cube,eiswürfel
im einklang mit,in harmony with
Im Endeffekt,in the end
im Freien,outdoors
im Gegensatz zu,in contrast to
Im Kern,at its core
imstande,capable
in den griff bekommen,get a grip
in den Griff bekommen,get under control
in den Griff kriegen,get under control
in die Quere kommen,get in the way
in lebens gerufen,brought into life
In stocken geraten,stalled
including,darunter
Indes,However
infizieren,infect
Inhaftierungen,imprisonment
Inhaltsstoffe,Ingredients
Inhaltverzeichnis,Table of Contents
Innehaben,occupy
ins Stocken geraten,stalled
insassen,inmates
Insolvenzen,Bankruptcy
interagieren,interact
intolerable,untragbare
Investitionsrückstand,investment backlog
inwieweit,to what extent
Irrglaube,misconception
Jahresabschluss,annual financial statement
jämmerlich,pathetic
jammern,complain
jemanden vor den Kopf stoßen,to offend someone
jenseits,beyond
Kapieren,understand
kapitulieren,give up
Karfreitag,Good Friday
Kasernen,barrack
kassieren,collect
Katerstimmung,hangover
Katzensprung,stone's throw
kaufmännische steuerung,commercial management
keineswegs,not at all
Keineswegs,not at all
kernforderung,core demand
kettensäge,chainsaw
Kettenzüge,chain hoist
Keuchhusten,whooping cough
Kiefer,jaw, also pine tree (context dependent),
kiffen,smoke weed
Kinderlähmung,polio
Kindersterblichkeit,Child mortality
kippen,tilt
klagen,sue/complain
klarkommen mit,cope with
Klatsche,clap
kleine Makel,small flaws
kleingerechnet,underestimated
kluft,gap
knackpunkt,core of the matter
knarzige,creaky
kniebeugen,squat
knifflige,tricky
knochen,bone
Knochenjob,backbreaking job
Knotenpunkt,a point where things meet
knusprig,crispy
Kohlenstoff,carbon
kollabieren,collapse
kommune,municipality
komparsen,extras (film/theater)
Kompliment,compliment
konditorwesen,pastry
Konjunkturprogramme,Economic stimulus programs
konkurrenten beseitigung,elimination of competitors
Können,talents
Kopfgeld,
Kopfschütteln,shake heads
kopfzerbrechen,headache
Körperschaftsteuer,Corporate tax
kostenpflichtig,subject to charge
Kostenstelle,cost center
köstliche,delicious
kostspielig,costly
kramen,rummage
Krankheitserreger,pathogen
kranz niedergelegt,lay bouquet of flowers
kratzen,scratch
krawatten,ties
kreisverband,district association
kruden Theorien,crude theories
Kugelhagel,hails of bullets
kühlteich,cooling pond
Kumpelwirtschaft,cronyism
Kunde,Customer
Kundgebungen,rallies
Kunstfälscher,art forger
Kurtaxe,tourist tax
kurzfristig,short-term
Kürzungen,Cuts
Kutsche,carriage
Laborthese,laboratory theses
ladenbesitzerin,shopkeeper
Ladentheke,shop counter
Ladesäulen,charging stations
lahmgelegt,paralyzed
"landauf, landab",across the country
Landeskundliche,regional studies
landstriche,region
langatmig,lengthy
langfristig,long-term
langwieriger Prozess,protracted process
Lastkraftwagen (LKW),truck, lorry, heavy goods vehicle
lebendig,lively
lebensader,lifeline
Lebenseinstellung,attitude to life
Lebensmittel,Groceries
Lebensumstand,living circumstance
leichtsinn,reckless
leiden,to suffer
leidenschaftlich,passionately
leisten,afford
Leistungen,service
Leitzinsen,Key interest rate
lektor,editor
lesevergnügen,reading pleasure
Lettland,Latvia
letztendlich,ultimately
leuchtenden,bright
lichtbildausweis,photo ID
Lieblingsfloskel,favourite cliché
liegt im Clinch,is at odds
lindgrün,lime green
linksgerichtet,left leaning
linksgerichtete,left leaning
listige,cunning
Loben,praise
lohnenswert,worthwhile
Losentscheid,lottery draw
loss of sales,umsatzeinbußen
Lücken,blanks
macht es gut,take care
Machthaber,dictator
Machtvakuum,Power vacuum
Maiseintopf,corn stew
makellos,spotless
malerisch,picturesque
Mangelerscheinungen,deficiency symptoms
mangelhaft,inadequate
Mappe mit Arbeitsproben,portfolio with work sample
Mariendarstellung,representation of Mary
marode,washed out
Maschinenbau,Mechanical engineering
Masern,measles
Massenhaft,en masse
maßgeblich,significantly
Maßnahme,measure
Meerenge,strait
mehr verdunstung mehr niederschlag,more evaporation more precipitation
mehrfach,multiple
mehrspurig,multi-lane
mehrstufigen,more stage
mehrwertsteuer,VAT
meinungsvielfalt,diversity of opinion
Menschenmenge,crowd
Menschenrechtsfragen,human rights issues
Menschenrechtslage,Human rights situation
Menschenwürde,human dignity
Mienen,face
Militärputsch,military coup
Milliardenwert,worth billion
millionenschwere,multi-million dollars
Mindestmaß,minimum size
ministry of the interior,innenministeriums
mischkonzerne,conglomerate
missbilligungsantrag,motion of censure
Missgeschick,mishap
Missständen,abuses
mitdenken,to think along with
mitgerissen,swept away
Mithalten,keep up / compete
Mitschrift,notes
mittel zum zweck,means to an end
mittellos,peniless
mittelmäßig,mediocre
Mittelweg,Middle way
mitverdienten,profit
Mobilfunk,mobile communication
morde,murders
Morgenmuffel,someone who is grumpy in the morning
Moscheeverband,Mosque association
mosi,mosi
Motorhaube,vehicle bonnet
mühsam,laborious
mülldeponie,landfill
mutmaßlichen,alleged
Nachahmungstäter,Copycats
nachempfinden,empathize
nachhaltig,sustainable
Nachholbedarf,need for catching up
nachlassende,declining
nachvollziehbar,understandable
nachvollziehen,comprehend
nachweis,proof
nachweisbar,verifiable
nachwuchs,offspring
naherholungsgebiet,local recreation area
nahezu,"almost, nearly"
Nahost,Near East
nährstoffen,nutrients (for plants)
Nahverkehr,local public transport
Narbe,scar
naschen,snack
nebenkriegsschauplatz,secondary war theater
neidgesellschaft,envious society
neidisch,envious
nerdigen,nerdy
netzentgelt,network fee
netzentgelte,Networkcharge
nichstun,do nothing
nichts ging mehr,nothing worked anymore
niedergelassene,established
Niederlassungserlaubnis,residence permit
Niederlassungserlaubnis,residence permit
niederließ,settled
niederließen,settled
niederschlagung,suppression
Notfallsanitäter,emergency paramedic
notgedrungen,out of necessity
Nur zum Teil,Only partly
nutzlast,payload
oberfläche,surface
Obergrenze,upper limit
obgleich,although
Öffis,public transport
ohne gewähr,without guarantee
ohne Vorbehalte,without reservation
Ohnmacht,faint (noun), unconsciousness,
ombudsstelle,ombudsman
ortungssysteme,tracking system
Ost-West-Gefälle,east-west divide
overwhelm,überforderung
OZG-Onlinezugangsgesetz,Online Access Act
papagei,parrot
paradebeispiel,prime example
Parkverstoß,parking violation
parteiübergreifend,cross-party
parteivorstand,party executive
parteiwerten bekennen,commit to party values
Passiva,liabilities
pauschalen,flat rates
pauschalreise,package holiday
pausenlos,non-stop
Persönlichkeiten,personality
pfarrer,pastor
Pferdeentwurmungsmittel,horse dewormer
pferdemist,horse poop
Pferdezucht,horse breeding
pflegebedürftig,in need of care
plädieren,to plead
plaudern,chat
pleite gegangen,went bankrupt
pochen auf,insist on
politische druckmittel,political leverage
Polizeischüssen,police shooting
praxisnahe,practical
predigen,preaching
preisgabe,disclosure
prickelnd,sparkling
probeweise,on a trial basis
Probieren geht über Studieren,trying is the best way to find out
Problemfelder,problem areas
profilieren,define
profilierte,profiled?
Profitgier,greed for profit
Prominenz,celebrities
promptly,zeitnah
protect,schützen
Protestwelle,wave of protest
Prozessauftakt,start of trial
Prügeltrupps,gang
Pulverfass,ticking time bomb
put,stecken
Putschen,coup
quengeln,whine
quite/pretty,ziemlich
raffinierte,sophistication
Rahmen,framework or context
Rahmen,frame
Rande der Stadt,skirt of the city
Randphänomene,Marginal phenomena
Rankhilfe,trellis
ranklotzen,work hard
Rasche,Quick
Raststätte,highway rest area
ratlosigkeit,helplessness
ratsam,advisable
Ratseln,puzzle
raupen,caterpillars
Rautetaste,hash key
Razzien,raids
rechfertigen,justify
Rechnung,Invoice
Rechnungsprüfer,auditor
Rechnungsprüfung,invoice audit
rechtfertigen,justify
Rechtliche Erwägung,Legal consideration
rechtsbruchs,breach of law
Rechtsschutz,legal protection
Rechtsstaat,constitutional state
Rechtsstaatlichkeit,rule of law
rechtswidrig,unlawful
redewendung,idiom
Referat,presentation
referieren,report
Regelung,control
regenbogenfahne,rainbow flag
reibungslos,smooth
reichtum,wealth
reiseandenken,travel souvenir
Reisestrapazen,travel hardships
reisserisch,sensational
reißerisch,sensational
Reizen,irritate
reizen,tempt
reizvoll,attractive
relationships,verhältnisse
Renditen,Returns / Yield
renommmierte,renowned
research effort,forschungsanstrengung
ringsum,all around
risiken in Kauf nehmen,to take risk
rohstoffe,raw material
rücken ins Visier,come in focus
Rückendeckung,backing/support
Rückforderungen,reclaims
Rückgabe,return
Rückgewinnung,recovery
Rückgrat,backbone
Rückkehr,return
rücksichtslose,reckless
Rückstände,residue
rücktritt,resignation
Rückwärtshüpfen,backward hopping
Ruderverein,rowing club
rumbasteln,tinker around
Rumblüllen,yelling
rutschen,slide
saatgut,seeds
Sachbuch,non-fiction book
Sachverstand,expertise
Saldo,balance
salonfähig,socially acceptable
Samt,velvet
Samtig,soft
Sanfte Übungen,gentle exercises
Sanierungsfall,restructuring case
Sanierungsstau,renovation backlog
Sattelschlepper,semi trailer truck
sauerstoffen,oxygen
säuglinge,infants
Schachfeld,chessboard
Schadenersatzforderungen,claim for damage
Schadstoffbelästigung,pollution
Scheibenwischer,windshield wiper
scheidende Regierung,departing government
scheidende Regierung,departing government
scheinbar,apparently
scheindigitalisierung,pseudo-digitization
Scheinsicherheit,false security 
Scheinwerfer,headlights
scheitern,fail
Schiedrichter,referee
Schieflage,imbalance or precarious situation
Schienenmaut,Rail toll
schieren,sheer
schiffbruch,erlittenen shipwreck
schillernde,dazzling
schirmherrschaft,patronage
schlacht,battle
Schlachtung der Schafe,slaughter of sheep
Schlagzeilen,headlines
Schlammschlacht,mud battle
Schlauberger,smart aleck
schleierhaft,mysterious
schleppend,sluggish
schleuserbande,smuggling gang
schlicht,simply
schlichtweg,simply
schlichtweg,
Schließfächer,locker
schlimmerem,worse
Schlummertaste,snooze button
Schlupfloch,loophole
schlussfolgern,conclude
schlüssig,coherent
schlusslicht,tail light
Schlusslichter,Taillights
schlusspoint,puch line
schmeichelte,flatter
Schmiergeld,bribe money
Schnabel,beak
schnauze voll,fed up
schönheit daraus zu schöpfen,draw beauty from it
Schöpfer,creator
Schrecken,horror
schriftsteller,writer
Schritte,steps
Schrott,scrap
Schrumpfen,Contract (shrink)
schub verloren,loss of thrust (airplane)
Schufa-Bescheinigung,Schufa certificate
schuldenerlass,debt relief
schuldentilgung,debt repayment
schullaufbahn,school career
schulterblick,shoulder glance
schulterzucken,shrug
schürze,apron
schutzhüllen,protective cover
Schutzschilde,protective shield
schutzschirm,protective shield
Schwachkopf,moron
schwachsinn,nonsense
Schwachstellen,vulnerability
schwankt,fluctuates
schwankungen,fluctuations
schweben,hover
schweifen,wander
Schweigen,silence
Schwelle,threshold
Schwerlast,heavy load
schwerwiegende,serious
schwitzen,sweat
Seelsorger,pastor
Segen und Fluch,blessing and curse
Sehnsucht,longing
sehnsüchte,longings
seidenstrasse,silk road
Seilbahnunglück,cable car accident
Seilspringen,Rope skipping
seit geraumer Zeit,for quite some time
selbstauferlegte,self-imposed
Selbstbestimmung,self determination
selbsternannten,self-proclaimed
seltsam,strange
sinnesreize,sensory stimuli
sesshaft,settled
SGB (Sozialgesetzbuch),Social Code (German social law code)
Shattenflote,fleet
Sich in luft ausgelöst,disappeared into thin air
sicherheitsvorkehrungen,safety precautions
Siegermächte,WW2 victors
anzeichen,sign
Sitzfleisch,stamina (especially for sitting through long tasks)
sklaven,slave
Solar-Anlagen,Solar systems
Söldnern,mercenaries
sondergesandte,special envoy
Sondersitzung,special session
sondervermögen,special funds
sonderverwaltungsaktien,special administration share
Sonnenstrom,Solar electricity
sorgfältig,carefully
Spaltung (politisch),division (political)
Spannungen,tension
spannungsfeld,field of tension
sparkurs,austerity
spenden,donate
Sperrung,blocking
Spielraum,leeway
Spitzenvertreter,top representative
Sprengsatzen,
Sprengstoff,explosive material
Spüle,sink
Spürbar,noticable
staatsverschuldung,national debt
Stadttel,district
stammgästen,regular guests
stark bewirkt,strongly affected
stattdessen,instead
Stauseen,reservoirs
Stell dir vor,Imagine
stellenweise,here and there
stellvertretende,deputy
Sterntaste,star key
stetig,steadily
steuerentlastungen,tax relief
steuerschlupfloch,tax loophole
stichproben,sample
stiftung,foundation
stockdunkel,pitch black
stornieren,to cancel
Stornierung,cancellation
Stoßstange,bumper
Strafanzeige,criminal complaint
Strafbemessung,sentencing
Straffreiheit,impunity
Strahlung,radiation
straubt,resist
streben,strive
Streitkräften,Armed Forces
stromausfall,power outage
Studienbeiträge erhoben wurden,tuition fees were charged
stumm,Mute
sturmfrei,having the house to oneself
Stützpunkt,base
Subventionen,Subsidies
Suchmaschine,search engine
Summe,Total
Sündenfall,fall from grace
supposition,vermutung
survey,umfragen
Symbole,Icon
Szene,Scene
tagsüber,during the day
tapete,wallpaper
Taschentuch,Tissue
Tasse,Cup
Tastatur,Keyboard
Tätigkeit,Activity
tatort,crime scene
Tatsachen,Facts
tauchen,to submerge
taufelkreis,vicious circle
Tauglichkeit,suitability
Teamgeist,Team spirit
technology ausgerüstet,technology equipped
teilhabe,participation
Teilnehmen,Participate
territory,hoheitsgebiet
tiefgreifende,profound
tiefschlag,low blow
Tierhaltung,animal husbandry
tischlern,carpentry
too juicy,zu saftig
Töpfe mit Blumen,Flowerpots
törichten,foolish
tot geborgen,recovered dead
traditionelle Küche,Traditional cuisine
Tränen,Tears
transition,überleitung
Trauschein,marriage certificate
treibstoffzufuhr,fuel supply
treten,Kick
tretroller,scooter
Treu,Faithful
triebwerk,engine
tropenwalden,tropical forrest
Tröpfcheninfektion,droplet infection
trümmer,debris
truppenübungsgelände,military training area
typengenehmigung,type approval (for selling product)
übel,evil/nauseous
Übelkeit,nausea
überbordende,exuberant
überdrüssig werden,get tired of it
Übereinkunft,Agreement
Übereinstimmung,accordance/consensus
überfahrt,crossing
überfallen,attacked
überflüssigerweise,superfluously
überfrachtete,overloaded
ubergreifen,spread
übergriffen,attacked
Überholspak,jalan untuk nyalip
Überholspur,jalan untuk nyalip
Überlastung,overload
überlaufen,overcrowded
Uberlegenheit,superiority
Überrest,remnant
überreste,remains (e.g. of a castle)
uberschneidung,overlap
überschriften,headings
überschüssige,excess
Überschwemmung,flood
übersichtlichen,clear
übertragung leistungen,transfer service
Übertreiben,Exaggerate
Überwachung,surveillance
überwältigt,overwhelmed
überwiegend,predominantly
überwiegenden,vast/prominent
überwunden,overcome
überzeichnen,to exaggerate
überzogen,overdrawn
üblich zu sein,to be common
Ufer,Riverside
um den Hals fallen,to hug someone tightly
Um seine Zukunft bangen,fear for his future
umbaut,rebuild
umdenken,rethink
umfang,scope
umfangreiche,extensive
umfassende,comprehensive
umfasst,includes
umgekehrt,Reverse
umgekommen,Killed
Umhören,ask around
Umlageverfahren,pay as you go system
Umleitung,Detour
umlenkung effekt,trade diversion effect
Umliegenden,surrounding
Umrüstung,retrofit
umsatteln,change jobs
Umsatz,"sales/revenue
""Wir müssen den Umsatz im nächsten Quartal verbessern.""
We need to improve revenue in the next quarter."
Umschulung,retraining
Umsicht,Caution
umsiedlung,resettlement
Umsonst,Free of cost
umstände,circumstances
Umstellung,conversion
umstritten,controversial
umtreiben,bother\
umverteilung,redistribution
umweltabgabe,environmental tax
umwerfend,stunning
umziehen,Change clothes
Umzugskarton,moving box
unannehmlichkeit,inconvenience
unaufhaltsam,unstoppable
unbegreiflich,incomprehensible
unbehaglich,uncomfortable
Unbeirrbar,Unwavering
unberechenbar,unpredictable
unbeständig,unstable
unbeteiligt,uninvolved
unbewaffnete,unarmed
undurchsichtiger,more opaque
uneingeleiteten,uninitiated
unfassbar,unbelievably
Ungehorsam,disobedience
ungern,reluctantly
ungeschickt,clumsy
ungewollt,unintentionally
ungezwungenen,casual
ungünstigen,unfavorable
unmittelbar,directly
unsachlich,irrelevant
unschuldig,innocent
Unter Auflagen,Subject to conditions
unter berufung,under appeal
unter Verschluss halten,keep under lock
unterdessen,meanwhile
Unterführung,underpass
Unterhaltsvorschuss,Maintenance advance
unterhandlern,negotiators
unterlassen,Refrain from doing something
Unternehmerische,entrepreneurial
Untersagt,Prohibited
Unterschlupf,shelter
Unterschwellig,subtle/under the surface
unterstellen,assume
unterstellungen,misinterpretation
Unterstützung,support
Untersuchung,Examination
Untersuchungshaft,pre-trial detention
untertauchten,hide
unterworfen,subjected to
Untier,monster
unverkennbar,unmistakable
unversöhnlichen,irreconcilable
unverzüglich,immediately
unvollständig,incomplete
unwägbarkeiten,imponderable
Unwissenheit,ignorance
unzutreffend,inapplicable
Unzutreffend,Inapplicable
üppig,"lush, luxurious"
ureinwohner,indigenous
Urheberrecht,inequality
urig,rustic
Urlaubsreif,ready for vacation
Ursprung,origin
Ursprünglich,Initially
urwald,jungle
US-Staatsanleihen,US Treasury
Venedig,Venice
Verabredet sein,To have appointment
verabreicht,administered
veraltet,obsolete
verankert,anchored
veranlassen,prompts
Veranstaltung,"event
""Wir haben die Veranstaltung wegen des Regens abgesagt.""
We canceled the event because of the rain."
Verantwortung,Responsibility
verarbeitet werden,be processed
verarmt,impoverished
Verbieten,Forbid
verbindlich,binding
verbliebenen,remaining
Verbraucher,Consumer
Verbraucherreklamation,consumer complaint
verbrauchte Luft,used air
verbreitet,spread
Verbrennerverbot,combustion engine ban
verbunden,tied together
Verbündete,allies
verdächtige,suspicious
verdampft,evaporate
verdrängt,repressed
verdrehen,twist
Vereitelung,prevention/thwarting
vererben,inherited
verfahren,"1. Procedure, 2. Get lost while driving.
""Das Verfahren zur Bewerbung ist sehr einfach.""
The application process is very simple."
Verfall,decay
verfallen,"expire, deteriorate (expiration date)"
verfallsdatum,expiration date
verfasst,written
Verfassungsrang,Constitutional rank
verfassungswidrig,unconstitutional
verfolgung,persecution
Verfügbar,Available
Verfügung,disposal
verführerisch,seductive
Vergabe,award
vergänglich,transient
vergeblich,Unsuccessfully
Vergleich,comparison
Vergnügt,Cheerful
Verhaltenskodex,Code of Conduct
Verhandlung,negotiation
Verhangnis,disaster
verhängt,imposed
verheerenden,devastating
verherrlichte,glorified
verhungern,starve
Verlag,Publisher
verlagern,relocate
verlangen,demand
Verlaumdungsklage,defamation
verlegen,rescheduled
Verlegung,postponement
verlesungen,reading
Verliebtheit,infatuation
verlockend,tempting
Verlust,loss
vermehrbar,reproducible
Vermint,mined
vermittelbar,understandable
vermittlung voraussetzung,mediation requirement
Vermögensverteilung,distribution of wealth
vernachlässigt,neglected
Vernehmungen,interrogations
vernichten,to destroy
Vernichtung,destruction
vernichtung,extermination
vernünftig,Sensible
verpennt,overslept
Verpflegt,Catered
Verraten,Reveal a secret or betray
Versammlung,Meeting
versäumen,Missed (an event)
verschimmeln,mold
Verschlechterungen,deterioration
verschleiern,disguise
Verschleppten,abducted
verschmelzung,merger
verschont,spared
der Sturm hat kaum ein Haus verschont"
verschonungsregel,exemption rule
Verschwendung,waste
Verschwörungstheorien,Conspiracy theories
verseucht,contaminated (nuclear)
versöhnen sich,reconcile
Versorgung,supply
Versorgungsengpässe,supply bottleneck
verspannt,tense
verspiesen,consumed
versprochen,Promised
verständigen,communicate
verstrahlter,irradiated
versuchsgelände,test site
Verteilungskampf,fight regarding distribution
verteufelt,demonized
Vertrag,Contract
vertraglich,contractual
verträglich,digestible
vertraulich,confidential
vertreiben,expel / drive out
Vertretung,Representation
vertrieben,expelled
verunglückt,accident
Verunsicherung,uncertainty
verurteilen,condemn
verwaltungsgebiet,administrative area
verwandschaft,kinship
verwandt,Related
verweigerer,refuser
verweilten,lingered
verweiswörter,reference word
verwerflich,reprehensible
verwischt,blurry
verwöhnen,spoil/pamper
verwundbar,vulnerable
verwüstet,devastated
verzehren,consume
verzehren,consume
verzichten auf,Give up something voluntarily
verzögerung,delay
verzweifeln,despair
verzweiflung,despair
vielfacher Hinsicht,in many respects
vielmehr,rather
Vielseitigkeit,versatility
vollblutmusiker,full blooded musician
Völlig ausgeschlossen,Completely out of the question
vollkommen,absolutely
vom erdboden verschluckt,swallowed by the earth
von der Pike auf,from scratch
von fall zu fall,from case to case
Vorangekommen,progress
voranschreitender,advancing
voranbringen,to advance
Voraussetzung,requirement
voraussichtlich,Expected (probable)
vorderen,front
vordrängeln,queue jumping
vorerst,for now
Vorfeld,apron
vorgang,occurrence/action/process
Vorgänger,predecessor
vorgeschlagene,proposed
vorgesehenen,designated
vorgesetzen,superior
Vorgreifen,Anticipate
Vorhaben,project
vorhandene,existing
Vorhänge,curtains
vorherrschenden,predominantly 
vorrang,priority
Vorrat,"supply
""Der Vorrat an Trinkwasser geht zur Neige.""
The supply of drinking water is running low."
vorrätig,in stock
Vorreiterfunktion,pioneering role
vorrücken,advance
Vorschau,preview
Vorschriften,Rules
vorsprung gewonnen,gain a lead
vorstoß,advance
Vortrag,Lecture
vortragen,present (a presentation)
vorübergehende,temporary
Vorwahl,Phone prefix
Vorwürfe,Accusations
Vorzeichen,Sign
vorzubeugen,prevent
waagerecht,horizontal
wachgerüttelt,shaken awake
wachsamkeit,alertness
wachsfigurenkabinett,wax museum
wächst in rasant,grow rapidly
wachsweich,as soft as wax
Waffenniederlegung,laying down of arms
Waffenstillstand,ceasefire
Wahlbevolkerung,electorate
Wählerbestechung,voter bribery
Wahlkreis,electoral district
währenddessen,meanwhile
wahrnehmen,perceive
währungsfonds,monetary fund
Wahrzeichen,landmark
Waisen,Orphan
waldbrände,forest fire
walmdächer,gable roofs
wandlungsfähig,adaptable
warum wohl,I wonder why
Wasser auf die Mühlen strengen,fuel something (give support/argument)
Wassermangel,Water shortage
Wasserstoffnetze,hydrogen networks
Wasserstraßen,waterways
Wattwanderung,mudflat hiking tour
weckt neugier,arouse curiosity
wegkriegen,get rid of
Wegschauen,look away
wegschmeißen,throw away
wegschneiden,cut away
wegweisendes,groundbreaking
Wehrpflichtigen,conscript
weigern,Decline/Refuse
Weigerung,refusal
Weisheitszahn,wisdom tooth
weiter leiten,forward
weiterleiten,forward
weitgehend,to a large extent
weitreichende,Extensive
weitverzweigten,widespread
Welterbeliste,world heritage list
weltfremd,unrealistically
Wenden,Turn around
wer gemustert wird,who is being drafted
"Wer rastet, der rostet!","Who rests, rusts."
Werbetafel,billboard
Werdegang,career progression
wermutstropfen,drop of bitterness
wertpapiere,security
wertvoll,valuable
wesentliche,essential
Wettbewerbsfähigkeit,Competitiveness
wetterwirksam,sensitivity to weather
wettlauf,race
wettlesen,reading competition
Wettrüsten,arms race
widerlegbare,refutable/disprovable
widerlegte,refuted
widerrufen,to cancel
widersacher,adversary
widersprechen,to contradict
widersprüchlich,contradictory
widerstehen,"stand (stand high temperature, high humidity, etc)"
widerstrebender,reluctant
widerzuspiegeln,to reflect
wiederherstellen,to restore
Wiederholter,repeated
Wiese,Lawn
willkürlich,arbitrary
wirbelsäule,spine
wirksam,effectively
Wirtin,Landlady
Wirtschaftsberater,business consultant
Wirtschaftswachstum,Economic growth
wirtschaftszweig,industry
Wissenschaftsleugnung,science denial
wodurch,which means
wohlgesonnen,well disposed
Wohlstand,prosperity
wohltuende,soothing
wohlwollen,goodwill
wortführer,spokesman
Worthülsen,empty words
Wühltisch,bargain bin
wünschenswert,desirable
wunschenwert,desirable
Wunschvorstellungen,Wishful thinking
würdevoll,dignified
wuseligen,bustling
zaghaf,tentative
zaghaft,tentative
zaghafter widerstand,timid resistance
Zahlenwerk,Figure
Zaren,Tzars
zartem,tender
Zeit ablaufen,time run out
zeitfenster,time window
Zeitgeist,spirit of the time
zeitgenössischen,contemporary
Zeitraum,period
Zelle,cell
zerbröseln,crumble
zermürbt,worn down
zerreden,talk about something too much
zerstreute,scattered
zerwuchselt,disordered
zielgerichtete Zahlung,targeted payment
zielstrebig,purposeful
zierfische,ornamental fish
zu Umdenken bewegen,to change thinking (of other people)
zu unrecht,wrongly
Zu uns gestossen,joined us
Zudem,in addition
zufällig,random
Zufriedenheit,Satisfaction
zugausstattung,train equipment
zugeben,to admit
zugespitzt,pointy
Zugeständnisse,concessions
zugig,drafty
zugleich,at the same time
zukunftsfest,future proof
zulässig,permissible
Zulassung,admission
Zulieferbetriebe,suppliers
zumal,especially since
zumutbar,reasonable
Zumutung,unreasonable/imposition
zunehmend,increasingly
zuneigung,affection
zünglein an der waage,tipping of the scale
Zupackende,hands on
zurückbleiben,lag behind
Zurückgeht,Decrease
zurückwies,denied
zusammenrücken,move closer together
zusammenstossen,collide
zusätzliche,additional
Zuschuss,grant
Zustände,conditions
zustehen,to be entitled 
zustellorte,delivery location
Zustimmung,Approval
Zustroms,influx
Zuversicht,confidence
Zuzug,immigration
zwangsläufig,inevitably
zwangsmobilisiert,mobilized by force
zwei linke Hände haben,to be bad at manual tasks
zwielichtige,shady
Zwilling(e),twin(s)
Zwischenfall,incident
Zwischenrufe,Interjections
Zwischenüberschrift,subheading
zynisch,cynical